<HDon><DLHDon Id="66c0204e-9684-42ac-ac30-a2f650fe8cb5"><TTChung><PBan>2.1.0</PBan><THDon>Hóa đơn giá trị gia tăng được khởi tạo từ máy tính tiền</THDon><KHMSHDon>1</KHMSHDon><KHHDon>C25MSM</KHHDon><SHDon>1468</SHDon><NLap>2025-07-07</NLap><HTTToan>TM/CK</HTTToan><TTKhac><TTin><DLieu>Đã thanh toán</DLieu><KDLieu>string</KDLieu><TTruong>Trạng thái thanh toán</TTruong></TTin><TTin><DLieu>F4MDECOQ7PO2DYG</DLieu><KDLieu>string</KDLieu><TTruong>Mã số bí mật</TTruong></TTin></TTKhac></TTChung><NDHDon><NBan><Ten>CÔNG TY TNHH PHÒNG KHÁM NHA KHOA MARINA</Ten><MST>3502427030</MST><DChi>Số 244 Trương Công Định, Phường Vũng Tàu, Thành phố Hồ Chí Minh, Việt Nam</DChi><SDThoai>0933113300</SDThoai><DCTDTu>nhakhoamarinavungtau@gmail.com</DCTDTu><STKNHang>19036067758019</STKNHang><TNHang>TMCP Kỹ thương Việt Nam - chi nhánh Vũng Tàu</TNHang><TTKhac><TTin><DLieu>Vũng Tàu</DLieu><KDLieu>string</KDLieu><TTruong>Quận, huyện người bán</TTruong></TTin><TTin><DLieu>Bà Rịa Vũng Tàu</DLieu><KDLieu>string</KDLieu><TTruong>Tỉnh/Thành phố người bán</TTruong></TTin><TTin><DLieu>84</DLieu><KDLieu>string</KDLieu><TTruong>Mã quốc gia người bán</TTruong></TTin></TTKhac></NBan><NMua><MST/><DChi>445A BÌNH GIÃ , PHƯỜNG TAM THẮNG , THÀNH PHỐ HỒ CHÍ MINH</DChi><HVTNMHang>NGUYỄN XUÂN THẮNG</HVTNMHang></NMua><DSHHDVu><HHDVu><STT>1</STT><TChat>1</TChat><MHHDVu>CVDB</MHHDVu><THHDVu>CẠO VÔI ĐÁNH BÓNG RĂNG ĐIỀU TRỊ VIÊM NƯỚU RĂNG</THHDVu><DVTinh>2 HÀM</DVTinh><SLuong>1</SLuong><DGia>150000</DGia><TLCKhau/><STCKhau>0</STCKhau><ThTien>150000</ThTien><TSuat>KKKNT</TSuat><TTKhac><TTin><DLieu>150000</DLieu><KDLieu>string</KDLieu><TTruong>Thành tiền thanh toán của hàng hóa</TTruong></TTin><TTin><DLieu>0</DLieu><KDLieu>string</KDLieu><TTruong>Tiền thuế dòng (Tiền thuế GTGT)</TTruong></TTin></TTKhac></HHDVu><HHDVu><STT>2</STT><TChat>1</TChat><MHHDVu/><THHDVu>NHỔ RĂNG 18.28</THHDVu><DVTinh>CÁI</DVTinh><SLuong>2</SLuong><DGia>900000</DGia><TLCKhau/><STCKhau>0</STCKhau><ThTien>1800000</ThTien><TSuat>KKKNT</TSuat><TTKhac><TTin><DLieu>1800000</DLieu><KDLieu>string</KDLieu><TTruong>Thành tiền thanh toán của hàng hóa</TTruong></TTin><TTin><DLieu>0</DLieu><KDLieu>string</KDLieu><TTruong>Tiền thuế dòng (Tiền thuế GTGT)</TTruong></TTin></TTKhac></HHDVu><HHDVu><STT>3</STT><TChat>1</TChat><MHHDVu/><THHDVu>NHỔ RĂNG 48</THHDVu><DVTinh>CÁI</DVTinh><SLuong>1</SLuong><DGia>1800000</DGia><TLCKhau/><STCKhau>0</STCKhau><ThTien>1800000</ThTien><TSuat>KKKNT</TSuat><TTKhac><TTin><DLieu>1800000</DLieu><KDLieu>string</KDLieu><TTruong>Thành tiền thanh toán của hàng hóa</TTruong></TTin><TTin><DLieu>0</DLieu><KDLieu>string</KDLieu><TTruong>Tiền thuế dòng (Tiền thuế GTGT)</TTruong></TTin></TTKhac></HHDVu></DSHHDVu><TToan><THTTLTSuat><LTSuat><TSuat>KKKNT</TSuat><ThTien>3750000</ThTien><TThue>0</TThue></LTSuat></THTTLTSuat><TgTCThue>3750000</TgTCThue><TgTThue>0</TgTThue><TgTTTBSo>3750000</TgTTTBSo><TTKhac><TTin><DLieu>0</DLieu><KDLieu>string</KDLieu><TTruong>Tổng tiền thuế tiêu thụ đặc biệt</TTruong></TTin><TTin><DLieu>0</DLieu><KDLieu>string</KDLieu><TTruong>Tổng tiền phí</TTruong></TTin></TTKhac><TgTTTBChu>Ba triệu bảy trăm năm mươi nghìn đồng</TgTTTBChu><TTCKTMai>0</TTCKTMai></TToan></NDHDon></DLHDon><DLQRCode>3502427030|1/002|1|C25MSM1468|---|07/07/2025|3750000</DLQRCode><MCCQT>M1-25-CE3KK-00000001468</MCCQT></HDon>