<HDon><DLHDon Id="65f8d4fd-0b20-4805-b34b-6ae1a98ce4cb"><TTChung><PBan>2.1.0</PBan><THDon>Hóa đơn giá trị gia tăng được khởi tạo từ máy tính tiền</THDon><KHMSHDon>1</KHMSHDon><KHHDon>C25MSM</KHHDon><SHDon>1473</SHDon><NLap>2025-07-08</NLap><HTTToan>TM/CK</HTTToan><TTKhac><TTin><DLieu>Đã thanh toán</DLieu><KDLieu>string</KDLieu><TTruong>Trạng thái thanh toán</TTruong></TTin><TTin><DLieu>NABO6CXK765DK2P</DLieu><KDLieu>string</KDLieu><TTruong>Mã số bí mật</TTruong></TTin></TTKhac></TTChung><NDHDon><NBan><Ten>CÔNG TY TNHH PHÒNG KHÁM NHA KHOA MARINA</Ten><MST>3502427030</MST><DChi>Số 244 Trương Công Định, Phường Vũng Tàu, Thành phố Hồ Chí Minh, Việt Nam</DChi><SDThoai>0933113300</SDThoai><DCTDTu>nhakhoamarinavungtau@gmail.com</DCTDTu><STKNHang>19036067758019</STKNHang><TNHang>TMCP Kỹ thương Việt Nam - chi nhánh Vũng Tàu</TNHang><TTKhac><TTin><DLieu>Vũng Tàu</DLieu><KDLieu>string</KDLieu><TTruong>Quận, huyện người bán</TTruong></TTin><TTin><DLieu>Bà Rịa Vũng Tàu</DLieu><KDLieu>string</KDLieu><TTruong>Tỉnh/Thành phố người bán</TTruong></TTin><TTin><DLieu>84</DLieu><KDLieu>string</KDLieu><TTruong>Mã quốc gia người bán</TTruong></TTin></TTKhac></NBan><NMua><MST/><DChi>5 HỒ TRI TÂN , PHƯỜNG RẠCH DỪA , THÀNH PHỐ HỒ CHÍ MINH</DChi><HVTNMHang>HOÀNG THỊ HƯƠNG LAN</HVTNMHang></NMua><DSHHDVu><HHDVu><STT>1</STT><TChat>1</TChat><MHHDVu/><THHDVu>ĐIỀU TRỊ TUỶ RĂNG 15</THHDVu><DVTinh>CÁI</DVTinh><SLuong>1</SLuong><DGia>1700000</DGia><TLCKhau/><STCKhau>0</STCKhau><ThTien>1700000</ThTien><TSuat>KKKNT</TSuat><TTKhac><TTin><DLieu>1700000</DLieu><KDLieu>string</KDLieu><TTruong>Thành tiền thanh toán của hàng hóa</TTruong></TTin><TTin><DLieu>0</DLieu><KDLieu>string</KDLieu><TTruong>Tiền thuế dòng (Tiền thuế GTGT)</TTruong></TTin></TTKhac></HHDVu></DSHHDVu><TToan><THTTLTSuat><LTSuat><TSuat>KKKNT</TSuat><ThTien>1700000</ThTien><TThue>0</TThue></LTSuat></THTTLTSuat><TgTCThue>1700000</TgTCThue><TgTThue>0</TgTThue><TgTTTBSo>1700000</TgTTTBSo><TTKhac><TTin><DLieu>0</DLieu><KDLieu>string</KDLieu><TTruong>Tổng tiền thuế tiêu thụ đặc biệt</TTruong></TTin><TTin><DLieu>0</DLieu><KDLieu>string</KDLieu><TTruong>Tổng tiền phí</TTruong></TTin></TTKhac><TgTTTBChu>Một triệu bảy trăm nghìn đồng</TgTTTBChu><TTCKTMai>0</TTCKTMai></TToan></NDHDon></DLHDon><DLQRCode>3502427030|1/002|1|C25MSM1473|---|08/07/2025|1700000</DLQRCode><MCCQT>M1-25-CE3KK-00000001473</MCCQT></HDon>