<HDon><DLHDon Id="f7eb20d7-f353-41c5-af0d-57bf89a6c43d"><TTChung><PBan>2.1.0</PBan><THDon>Hóa đơn giá trị gia tăng được khởi tạo từ máy tính tiền</THDon><KHMSHDon>1</KHMSHDon><KHHDon>C25MSM</KHHDon><SHDon>1446</SHDon><NLap>2025-07-04</NLap><HTTToan>TM/CK</HTTToan><TTKhac><TTin><DLieu>Đã thanh toán</DLieu><KDLieu>string</KDLieu><TTruong>Trạng thái thanh toán</TTruong></TTin><TTin><DLieu>17DCWTRLFLOYSYW</DLieu><KDLieu>string</KDLieu><TTruong>Mã số bí mật</TTruong></TTin></TTKhac></TTChung><NDHDon><NBan><Ten>CÔNG TY TNHH PHÒNG KHÁM NHA KHOA MARINA</Ten><MST>3502427030</MST><DChi>Số 244 Trương Công Định, Phường Vũng Tàu, Thành phố Hồ Chí Minh, Việt Nam</DChi><SDThoai>0933113300</SDThoai><DCTDTu>nhakhoamarinavungtau@gmail.com</DCTDTu><STKNHang>19036067758019</STKNHang><TNHang>TMCP Kỹ thương Việt Nam - chi nhánh Vũng Tàu</TNHang><TTKhac><TTin><DLieu>Vũng Tàu</DLieu><KDLieu>string</KDLieu><TTruong>Quận, huyện người bán</TTruong></TTin><TTin><DLieu>Bà Rịa Vũng Tàu</DLieu><KDLieu>string</KDLieu><TTruong>Tỉnh/Thành phố người bán</TTruong></TTin><TTin><DLieu>84</DLieu><KDLieu>string</KDLieu><TTruong>Mã quốc gia người bán</TTruong></TTin></TTKhac></NBan><NMua><MST/><DChi>238 NGUYỄN HỮU CẢNH , PHƯỜNG RẠCH DỪA , THÀNH PHỐ HỒ CHÍ MINH</DChi><HVTNMHang>NGUYỄN NGỌC MINH CHÂU</HVTNMHang></NMua><DSHHDVu><HHDVu><STT>1</STT><TChat>1</TChat><MHHDVu/><THHDVu>HÀM CHỈNH NHA NONG CỐ ĐỊNH</THHDVu><DVTinh>HÀM</DVTinh><SLuong>1</SLuong><DGia>2000000</DGia><TLCKhau/><STCKhau>0</STCKhau><ThTien>2000000</ThTien><TSuat>10%</TSuat><TTKhac><TTin><DLieu>2200000</DLieu><KDLieu>string</KDLieu><TTruong>Thành tiền thanh toán của hàng hóa</TTruong></TTin><TTin><DLieu>200000</DLieu><KDLieu>string</KDLieu><TTruong>Tiền thuế dòng (Tiền thuế GTGT)</TTruong></TTin></TTKhac></HHDVu></DSHHDVu><TToan><THTTLTSuat><LTSuat><TSuat>10%</TSuat><ThTien>2000000</ThTien><TThue>200000</TThue></LTSuat></THTTLTSuat><TgTCThue>2000000</TgTCThue><TgTThue>200000</TgTThue><TgTTTBSo>2200000</TgTTTBSo><TTKhac><TTin><DLieu>0</DLieu><KDLieu>string</KDLieu><TTruong>Tổng tiền thuế tiêu thụ đặc biệt</TTruong></TTin><TTin><DLieu>0</DLieu><KDLieu>string</KDLieu><TTruong>Tổng tiền phí</TTruong></TTin></TTKhac><TgTTTBChu>Hai triệu hai trăm nghìn đồng</TgTTTBChu><TTCKTMai>0</TTCKTMai></TToan></NDHDon></DLHDon><DLQRCode>3502427030|1/002|1|C25MSM1446|---|04/07/2025|2200000</DLQRCode><MCCQT>M1-25-CE3KK-00000001446</MCCQT></HDon>